{
  "config": {
    "train_size": 7,
    "val_size": 1,
    "test_size": 2
  },
  "windows": [
    {
      "train": [
        "2014-15",
        "2015-16",
        "2016-17",
        "2017-18",
        "2018-19",
        "2019-20",
        "2020-21"
      ],
      "val": "2021-22",
      "test": [
        "2022-23",
        "2023-24"
      ]
    }
  ],
  "oos_rois": [
    0.3714672941423623
  ],
  "summary": {
    "total_bets": 134,
    "total_wins": 111,
    "win_rate": 0.8283582089552238,
    "roi": 0.3714672941423623,
    "profit": 36844.57875528281,
    "total_staked": 99186.60225619319,
    "total_returned": 136031.181011476
  },
  "by_league": {
    "premier_league": {
      "bets": 11,
      "wins": 6,
      "staked": 7637.639016477457,
      "returned": 6588.643811504,
      "roi": -0.13734548107214184
    },
    "bundesliga": {
      "bets": 23,
      "wins": 20,
      "staked": 16571.357032259904,
      "returned": 24506.483715220806,
      "roi": 0.4788459187448184
    },
    "ligue_1": {
      "bets": 17,
      "wins": 13,
      "staked": 11155.23973309761,
      "returned": 15104.575570811829,
      "roi": 0.35403415186107884
    },
    "la_liga": {
      "bets": 70,
      "wins": 61,
      "staked": 54775.38407200524,
      "returned": 76880.11689124108,
      "roi": 0.403552310836889
    },
    "serie_a": {
      "bets": 13,
      "wins": 11,
      "staked": 9046.982402352902,
      "returned": 12951.361022698256,
      "roi": 0.43156695201815803
    }
  }
}