{
  "league_odds_bins": {
    "premier_league": {
      "1.5-2.0": [
        114,
        58,
        4633.340000000001,
        22479.711735872323
      ],
      "2.0-2.5": [
        41,
        20,
        1950.0000000000005,
        10973.354694431999
      ]
    },
    "la_liga": {
      "1.5-2.0": [
        178,
        98,
        4579.129999999999,
        25338.003408534718
      ],
      "2.0-2.5": [
        16,
        6,
        586.9499999999999,
        3468.857340368
      ],
      "2.5-3.0": [
        3,
        1,
        34.449999999999996,
        31.4410775952
      ]
    },
    "bundesliga": {
      "1.5-2.0": [
        123,
        66,
        5049.0599999999995,
        26581.473406840636
      ],
      "2.0-2.5": [
        26,
        13,
        799.38,
        4599.378558195598
      ],
      "2.5-3.0": [
        1,
        1,
        13.43,
        33.8292707272
      ]
    },
    "serie_a": {
      "2.0-2.5": [
        18,
        9,
        460.4299999999999,
        2698.9057591200003
      ],
      "1.5-2.0": [
        120,
        54,
        2705.799999999999,
        14347.01551687424
      ]
    },
    "ligue_1": {
      "1.5-2.0": [
        94,
        53,
        3543.03,
        21589.69256843199
      ],
      "2.0-2.5": [
        4,
        1,
        126.34,
        281.22736255999996
      ],
      "3.0-4.0": [
        1,
        0,
        11.32,
        0.0
      ]
    }
  },
  "league_probs_bins": {
    "premier_league": {
      "0.5-0.6": [
        92,
        46,
        2182.4500000000003,
        11955.0671131824
      ],
      "0.6-0.7": [
        48,
        25,
        2719.74,
        13663.364156337919
      ],
      "0.7-0.8": [
        15,
        7,
        1681.1500000000003,
        7834.635160784
      ]
    },
    "la_liga": {
      "0.5-0.6": [
        149,
        81,
        2651.4300000000007,
        16035.139358899518
      ],
      "0.6-0.7": [
        42,
        21,
        2172.359999999999,
        10541.6242107712
      ],
      "0.8-0.9": [
        1,
        0,
        130.98,
        0.0
      ],
      "0.4-0.5": [
        2,
        1,
        22.91,
        31.4410775952
      ],
      "0.7-0.8": [
        2,
        2,
        211.31,
        2230.0971792320006
      ],
      "0.3-0.4": [
        1,
        0,
        11.54,
        0.0
      ]
    },
    "bundesliga": {
      "0.6-0.7": [
        44,
        23,
        2605.299999999999,
        12481.441657259198
      ],
      "0.5-0.6": [
        91,
        47,
        1781.5799999999997,
        9240.577512477439
      ],
      "0.4-0.5": [
        3,
        2,
        43.08,
        71.2472425548
      ],
      "0.7-0.8": [
        11,
        7,
        1279.8200000000002,
        8021.114214064
      ],
      "0.8-0.9": [
        1,
        1,
        152.09,
        1400.300609408
      ]
    },
    "serie_a": {
      "0.5-0.6": [
        108,
        49,
        1767.6199999999994,
        10206.159340287999
      ],
      "0.6-0.7": [
        29,
        13,
        1294.4199999999998,
        5654.00220474624
      ],
      "0.7-0.8": [
        1,
        1,
        104.19,
        1185.75973096
      ]
    },
    "ligue_1": {
      "0.6-0.7": [
        39,
        21,
        2011.5700000000004,
        11746.300498015999
      ],
      "0.5-0.6": [
        52,
        29,
        880.5300000000001,
        5516.365561135999
      ],
      "0.7-0.8": [
        7,
        4,
        777.2700000000001,
        4608.25387184
      ],
      "0.3-0.4": [
        1,
        0,
        11.32,
        0.0
      ]
    }
  },
  "league_direction": {
    "premier_league": {
      "home": [
        45,
        21,
        1146.86,
        5500.751532206399
      ],
      "draw": [
        0,
        0,
        0.0,
        0.0
      ],
      "away": [
        110,
        57,
        5436.4800000000005,
        27952.314898097924
      ]
    },
    "la_liga": {
      "home": [
        22,
        11,
        417.47999999999996,
        1459.6119805088
      ],
      "draw": [
        93,
        51,
        1715.5999999999997,
        10607.408275343998
      ],
      "away": [
        82,
        43,
        3067.4499999999985,
        16771.28157064512
      ]
    },
    "bundesliga": {
      "home": [
        42,
        29,
        1331.55,
        8663.117136710078
      ],
      "draw": [
        21,
        8,
        275.2099999999999,
        992.1943656639997
      ],
      "away": [
        87,
        43,
        4255.1100000000015,
        21559.369733389354
      ]
    },
    "serie_a": {
      "home": [
        18,
        11,
        358.61999999999995,
        2479.90274247424
      ],
      "draw": [
        53,
        21,
        712.9499999999999,
        3494.569310591999
      ],
      "away": [
        67,
        31,
        2094.66,
        11071.449222928002
      ]
    },
    "ligue_1": {
      "home": [
        17,
        7,
        692.0600000000001,
        3172.5378315360012
      ],
      "draw": [
        32,
        19,
        431.2599999999998,
        2994.4463410079998
      ],
      "away": [
        50,
        28,
        2557.3699999999994,
        15703.935758447999
      ]
    }
  },
  "league_factor_stats": {
    "premier_league": {
      "total_nonzero": 23992,
      "total_bets": 758,
      "avg_nonzero": 0.0
    },
    "la_liga": {
      "total_nonzero": 23442,
      "total_bets": 760,
      "avg_nonzero": 0.0
    },
    "bundesliga": {
      "total_nonzero": 18578,
      "total_bets": 610,
      "avg_nonzero": 0.0
    },
    "serie_a": {
      "total_nonzero": 22121,
      "total_bets": 760,
      "avg_nonzero": 0.0
    },
    "ligue_1": {
      "total_nonzero": 19760,
      "total_bets": 686,
      "avg_nonzero": 0.0
    }
  },
  "total_bets": 739
}