{
  "total_bets": 2014,
  "total_wins": 1049,
  "total_staked": 72568.61999999997,
  "total_returned": 72572.29181398719,
  "total_profit": 3.6718139872245956,
  "oos_roi": 5.05978202041681e-05,
  "oos_win_rate": 0.5208540218470705,
  "window_rois": [
    -0.00976565226882869,
    0.009150059896943877
  ],
  "by_league": {
    "premier_league": {
      "bets": 502,
      "wins": 260,
      "staked": 21271.730000000003,
      "returned": 21834.298095777354
    },
    "ligue_1": {
      "bets": 220,
      "wins": 112,
      "staked": 8831.1,
      "returned": 7779.23261898688
    },
    "bundesliga": {
      "bets": 427,
      "wins": 209,
      "staked": 17418.53,
      "returned": 17260.088372248407
    },
    "la_liga": {
      "bets": 416,
      "wins": 240,
      "staked": 12454.380000000005,
      "returned": 13926.908597111596
    },
    "serie_a": {
      "bets": 449,
      "wins": 228,
      "staked": 12592.879999999997,
      "returned": 11771.76412986296
    }
  },
  "by_strategy": {
    "1x2": [
      134,
      70,
      1843.1699999999998,
      1893.6949157551994
    ],
    "asian_handicap": [
      1612,
      836,
      66667.1,
      66421.81303815202
    ],
    "over_under": [
      268,
      143,
      4058.3499999999985,
      4256.78386008
    ]
  }
}