{
  "F1": {
    "avg_r2": 0.6666666666666666,
    "outcomes": {
      "home": {
        "alpha": 1.0842021724855044e-19,
        "beta": 0.0012499999999999998,
        "r2": 1.0,
        "n": 1900
      },
      "draw": {
        "alpha": 0.0,
        "beta": 0.0,
        "r2": 0.0,
        "n": 1900
      },
      "away": {
        "alpha": -1.0842021724855044e-19,
        "beta": -0.0012499999999999998,
        "r2": 1.0,
        "n": 1900
      }
    },
    "class": "elo_direct"
  },
  "F3": {
    "avg_r2": 0.0009776821570767573,
    "outcomes": {
      "home": {
        "alpha": -0.013302249751098916,
        "beta": 3.556458445283826e-05,
        "r2": 0.0014665232356151359,
        "n": 1900
      },
      "draw": {
        "alpha": 0.0,
        "beta": 0.0,
        "r2": 0.0,
        "n": 1900
      },
      "away": {
        "alpha": 0.013302249751098916,
        "beta": -3.556458445283826e-05,
        "r2": 0.0014665232356151359,
        "n": 1900
      }
    },
    "class": "elo_correlated"
  },
  "F5": {
    "avg_r2": 6.520749484077252e-07,
    "outcomes": {
      "home": {
        "alpha": 0.0050083740058570825,
        "beta": 1.1275423959931432e-07,
        "r2": 9.781124226115878e-07,
        "n": 1900
      },
      "draw": {
        "alpha": 0.0,
        "beta": 0.0,
        "r2": 0.0,
        "n": 1900
      },
      "away": {
        "alpha": -0.0050083740058570825,
        "beta": -1.1275423959931432e-07,
        "r2": 9.781124226115878e-07,
        "n": 1900
      }
    },
    "class": "elo_correlated"
  },
  "F7": {
    "avg_r2": 0.6584350470111809,
    "outcomes": {
      "home": {
        "alpha": 1.183743613292604e-06,
        "beta": 0.00012491645107690332,
        "r2": 0.9876525705167714,
        "n": 1900
      },
      "draw": {
        "alpha": 0.0,
        "beta": 0.0,
        "r2": 0.0,
        "n": 1900
      },
      "away": {
        "alpha": -1.183743613292604e-06,
        "beta": -0.00012491645107690332,
        "r2": 0.9876525705167714,
        "n": 1900
      }
    },
    "class": "elo_derived"
  },
  "F8": {
    "avg_r2": 0.6575930361772747,
    "outcomes": {
      "home": {
        "alpha": 2.099361647524808e-05,
        "beta": 0.00014914857126896393,
        "r2": 0.9863895542659121,
        "n": 1900
      },
      "draw": {
        "alpha": 0.0,
        "beta": 0.0,
        "r2": 0.0,
        "n": 1900
      },
      "away": {
        "alpha": -2.099361647524808e-05,
        "beta": -0.00014914857126896393,
        "r2": 0.9863895542659121,
        "n": 1900
      }
    },
    "class": "elo_derived"
  },
  "F19": {
    "avg_r2": 0.0012270129253086903,
    "outcomes": {
      "home": {
        "alpha": -0.0001395823198424535,
        "beta": -4.343376476656737e-06,
        "r2": 0.0018405193879630355,
        "n": 1900
      },
      "draw": {
        "alpha": 0.0,
        "beta": 0.0,
        "r2": 0.0,
        "n": 1900
      },
      "away": {
        "alpha": 0.0001395823198424535,
        "beta": 4.343376476656737e-06,
        "r2": 0.0018405193879630355,
        "n": 1900
      }
    },
    "class": "elo_derived"
  },
  "F27": {
    "avg_r2": 0.0,
    "outcomes": {
      "home": {
        "alpha": 0.0,
        "beta": 0.0,
        "r2": 0.0,
        "n": 1900
      },
      "draw": {
        "alpha": 0.0,
        "beta": 0.0,
        "r2": 0.0,
        "n": 1900
      },
      "away": {
        "alpha": 0.0,
        "beta": 0.0,
        "r2": 0.0,
        "n": 1900
      }
    },
    "class": "elo_derived"
  },
  "F29": {
    "avg_r2": 0.00012290690288718764,
    "outcomes": {
      "home": {
        "alpha": -0.0002902135348269804,
        "beta": -1.5499535848277195e-06,
        "r2": 0.00018436035433078146,
        "n": 1900
      },
      "draw": {
        "alpha": 0.0,
        "beta": 0.0,
        "r2": 0.0,
        "n": 1900
      },
      "away": {
        "alpha": -0.0002902135348269804,
        "beta": -1.5499535848277195e-06,
        "r2": 0.00018436035433078146,
        "n": 1900
      }
    },
    "class": "elo_derived"
  },
  "F33": {
    "avg_r2": 9.339617170126916e-06,
    "outcomes": {
      "home": {
        "alpha": 0.003274919165262206,
        "beta": -1.3095044053571955e-05,
        "r2": 2.801885151038075e-05,
        "n": 1900
      },
      "draw": {
        "alpha": 0.0,
        "beta": 0.0,
        "r2": 0.0,
        "n": 1900
      },
      "away": {
        "alpha": 0.0,
        "beta": 0.0,
        "r2": 0.0,
        "n": 1900
      }
    },
    "class": "elo_derived"
  },
  "F37": {
    "avg_r2": 3.83929583666065e-05,
    "outcomes": {
      "home": {
        "alpha": -4.4245756106661244e-05,
        "beta": 1.0982100440657995e-07,
        "r2": 3.83929583666065e-05,
        "n": 1900
      },
      "draw": {
        "alpha": 4.4245756106661244e-05,
        "beta": -1.0982100440657995e-07,
        "r2": 3.83929583666065e-05,
        "n": 1900
      },
      "away": {
        "alpha": 4.4245756106661244e-05,
        "beta": -1.0982100440657995e-07,
        "r2": 3.83929583666065e-05,
        "n": 1900
      }
    },
    "class": "elo_derived"
  },
  "F38": {
    "avg_r2": 0.00025052992174079414,
    "outcomes": {
      "home": {
        "alpha": -0.00013490837896167898,
        "beta": -1.6618459915408794e-06,
        "r2": 0.0003757948826111912,
        "n": 1900
      },
      "draw": {
        "alpha": 0.0,
        "beta": 0.0,
        "r2": 0.0,
        "n": 1900
      },
      "away": {
        "alpha": 0.00013490837896167898,
        "beta": 1.6618459915408794e-06,
        "r2": 0.0003757948826111912,
        "n": 1900
      }
    },
    "class": "elo_correlated"
  },
  "F39": {
    "avg_r2": 0.00041536708257535376,
    "outcomes": {
      "home": {
        "alpha": 0.0005341802430123706,
        "beta": -6.970409540345138e-06,
        "r2": 0.0006230506238630307,
        "n": 1900
      },
      "draw": {
        "alpha": 0.0,
        "beta": 0.0,
        "r2": 0.0,
        "n": 1900
      },
      "away": {
        "alpha": -0.0005341802430123706,
        "beta": 6.970409540345138e-06,
        "r2": 0.0006230506238630307,
        "n": 1900
      }
    },
    "class": "elo_derived"
  },
  "F40": {
    "avg_r2": 0.001580537806333752,
    "outcomes": {
      "home": {
        "alpha": 1.1851651246483287e-05,
        "beta": 4.227260151136719e-06,
        "r2": 0.002370806709500628,
        "n": 1900
      },
      "draw": {
        "alpha": 0.0,
        "beta": 0.0,
        "r2": 0.0,
        "n": 1900
      },
      "away": {
        "alpha": -1.1851651246483287e-05,
        "beta": -4.227260151136719e-06,
        "r2": 0.002370806709500628,
        "n": 1900
      }
    },
    "class": "elo_derived"
  }
}