{
  "F1": {
    "avg_r2": 0.6666666666666666,
    "outcomes": {
      "home": {
        "alpha": 3.7947076036992655e-19,
        "beta": 0.00125,
        "r2": 1.0,
        "n": 1530
      },
      "draw": {
        "alpha": 0.0,
        "beta": 0.0,
        "r2": 0.0,
        "n": 1530
      },
      "away": {
        "alpha": -3.7947076036992655e-19,
        "beta": -0.00125,
        "r2": 1.0,
        "n": 1530
      }
    },
    "class": "elo_direct"
  },
  "F3": {
    "avg_r2": 0.00029998900097449877,
    "outcomes": {
      "home": {
        "alpha": -0.014575161221866136,
        "beta": 2.3044366099354406e-05,
        "r2": 0.00044998350146174815,
        "n": 1530
      },
      "draw": {
        "alpha": 0.0,
        "beta": 0.0,
        "r2": 0.0,
        "n": 1530
      },
      "away": {
        "alpha": 0.014575161221866136,
        "beta": -2.3044366099354406e-05,
        "r2": 0.00044998350146174815,
        "n": 1530
      }
    },
    "class": "elo_correlated"
  },
  "F5": {
    "avg_r2": 0.0006381879142167701,
    "outcomes": {
      "home": {
        "alpha": 0.004616665403430113,
        "beta": 3.6845589159381635e-06,
        "r2": 0.0009572818713251552,
        "n": 1530
      },
      "draw": {
        "alpha": 0.0,
        "beta": 0.0,
        "r2": 0.0,
        "n": 1530
      },
      "away": {
        "alpha": -0.004616665403430113,
        "beta": -3.6845589159381635e-06,
        "r2": 0.0009572818713251552,
        "n": 1530
      }
    },
    "class": "elo_correlated"
  },
  "F7": {
    "avg_r2": 0.6556754747980427,
    "outcomes": {
      "home": {
        "alpha": 1.5057739631000052e-05,
        "beta": 0.0001118263648042687,
        "r2": 0.983513212197064,
        "n": 1530
      },
      "draw": {
        "alpha": 0.0,
        "beta": 0.0,
        "r2": 0.0,
        "n": 1530
      },
      "away": {
        "alpha": -1.5057739631000052e-05,
        "beta": -0.0001118263648042687,
        "r2": 0.983513212197064,
        "n": 1530
      }
    },
    "class": "elo_derived"
  },
  "F8": {
    "avg_r2": 0.6573431626279248,
    "outcomes": {
      "home": {
        "alpha": 5.0286940527412163e-05,
        "beta": 0.00016404689517152476,
        "r2": 0.9860147439418872,
        "n": 1530
      },
      "draw": {
        "alpha": 0.0,
        "beta": 0.0,
        "r2": 0.0,
        "n": 1530
      },
      "away": {
        "alpha": -5.0286940527412163e-05,
        "beta": -0.00016404689517152476,
        "r2": 0.9860147439418872,
        "n": 1530
      }
    },
    "class": "elo_derived"
  },
  "F19": {
    "avg_r2": 0.0015727570103743667,
    "outcomes": {
      "home": {
        "alpha": -2.8771570155382548e-05,
        "beta": 4.39242331626517e-06,
        "r2": 0.00235913551556155,
        "n": 1530
      },
      "draw": {
        "alpha": 0.0,
        "beta": 0.0,
        "r2": 0.0,
        "n": 1530
      },
      "away": {
        "alpha": 2.8771570155382548e-05,
        "beta": -4.39242331626517e-06,
        "r2": 0.00235913551556155,
        "n": 1530
      }
    },
    "class": "elo_derived"
  },
  "F27": {
    "avg_r2": 0.0,
    "outcomes": {
      "home": {
        "alpha": 0.0,
        "beta": 0.0,
        "r2": 0.0,
        "n": 1530
      },
      "draw": {
        "alpha": 0.0,
        "beta": 0.0,
        "r2": 0.0,
        "n": 1530
      },
      "away": {
        "alpha": 0.0,
        "beta": 0.0,
        "r2": 0.0,
        "n": 1530
      }
    },
    "class": "elo_derived"
  },
  "F29": {
    "avg_r2": 2.3226103913032148e-05,
    "outcomes": {
      "home": {
        "alpha": -0.0003662772182366363,
        "beta": 8.497685656723414e-07,
        "r2": 3.483915586954822e-05,
        "n": 1530
      },
      "draw": {
        "alpha": 0.0,
        "beta": 0.0,
        "r2": 0.0,
        "n": 1530
      },
      "away": {
        "alpha": -0.0003662772182366363,
        "beta": 8.497685656723414e-07,
        "r2": 3.483915586954822e-05,
        "n": 1530
      }
    },
    "class": "elo_derived"
  },
  "F33": {
    "avg_r2": 2.0544757197667646e-05,
    "outcomes": {
      "home": {
        "alpha": 0.002473080588524041,
        "beta": 1.7196993896260804e-05,
        "r2": 6.163427159300294e-05,
        "n": 1530
      },
      "draw": {
        "alpha": 0.0,
        "beta": 0.0,
        "r2": 0.0,
        "n": 1530
      },
      "away": {
        "alpha": 0.0,
        "beta": 0.0,
        "r2": 0.0,
        "n": 1530
      }
    },
    "class": "elo_derived"
  },
  "F37": {
    "avg_r2": 5.99261653271288e-05,
    "outcomes": {
      "home": {
        "alpha": -5.0930750300732536e-05,
        "beta": 1.4073102633340154e-07,
        "r2": 5.99261653271288e-05,
        "n": 1530
      },
      "draw": {
        "alpha": 5.0930750300732536e-05,
        "beta": -1.4073102633340154e-07,
        "r2": 5.99261653271288e-05,
        "n": 1530
      },
      "away": {
        "alpha": 5.0930750300732536e-05,
        "beta": -1.4073102633340154e-07,
        "r2": 5.99261653271288e-05,
        "n": 1530
      }
    },
    "class": "elo_derived"
  },
  "F38": {
    "avg_r2": 1.9536937424143494e-06,
    "outcomes": {
      "home": {
        "alpha": -0.00010942474898437359,
        "beta": -1.6738183767008668e-07,
        "r2": 2.930540613621524e-06,
        "n": 1530
      },
      "draw": {
        "alpha": 0.0,
        "beta": 0.0,
        "r2": 0.0,
        "n": 1530
      },
      "away": {
        "alpha": 0.00010942474898437359,
        "beta": 1.6738183767008668e-07,
        "r2": 2.930540613621524e-06,
        "n": 1530
      }
    },
    "class": "elo_correlated"
  },
  "F39": {
    "avg_r2": 2.2435442910880472e-08,
    "outcomes": {
      "home": {
        "alpha": 0.0004538264865479446,
        "beta": -4.890701922285692e-08,
        "r2": 3.365316436632071e-08,
        "n": 1530
      },
      "draw": {
        "alpha": 0.0,
        "beta": 0.0,
        "r2": 0.0,
        "n": 1530
      },
      "away": {
        "alpha": -0.0004538264865479446,
        "beta": 4.890701922285692e-08,
        "r2": 3.365316436632071e-08,
        "n": 1530
      }
    },
    "class": "elo_derived"
  },
  "F40": {
    "avg_r2": 0.000426844707480815,
    "outcomes": {
      "home": {
        "alpha": -4.330328934680914e-06,
        "beta": -2.501132071017791e-06,
        "r2": 0.0006402670612212225,
        "n": 1530
      },
      "draw": {
        "alpha": 0.0,
        "beta": 0.0,
        "r2": 0.0,
        "n": 1530
      },
      "away": {
        "alpha": 4.330328934680914e-06,
        "beta": 2.501132071017791e-06,
        "r2": 0.0006402670612212225,
        "n": 1530
      }
    },
    "class": "elo_derived"
  }
}