{
  "F1": {
    "avg_r2": 0.6666666666666666,
    "outcomes": {
      "home": {
        "alpha": 8.131516293641283e-20,
        "beta": 0.0012500000000000002,
        "r2": 1.0,
        "n": 1899
      },
      "draw": {
        "alpha": 0.0,
        "beta": 0.0,
        "r2": 0.0,
        "n": 1899
      },
      "away": {
        "alpha": -8.131516293641283e-20,
        "beta": -0.0012500000000000002,
        "r2": 1.0,
        "n": 1899
      }
    },
    "class": "elo_direct"
  },
  "F3": {
    "avg_r2": 0.0002871399829002345,
    "outcomes": {
      "home": {
        "alpha": -0.013369485190636694,
        "beta": -2.2104492846625226e-05,
        "r2": 0.00043070997435035174,
        "n": 1899
      },
      "draw": {
        "alpha": 0.0,
        "beta": 0.0,
        "r2": 0.0,
        "n": 1899
      },
      "away": {
        "alpha": 0.013369485190636694,
        "beta": 2.2104492846625226e-05,
        "r2": 0.00043070997435035174,
        "n": 1899
      }
    },
    "class": "elo_correlated"
  },
  "F5": {
    "avg_r2": 0.000170144369525597,
    "outcomes": {
      "home": {
        "alpha": 0.004233795594718327,
        "beta": -1.7295071479079216e-06,
        "r2": 0.0002552165542883955,
        "n": 1899
      },
      "draw": {
        "alpha": 0.0,
        "beta": 0.0,
        "r2": 0.0,
        "n": 1899
      },
      "away": {
        "alpha": -0.004233795594718327,
        "beta": 1.7295071479079216e-06,
        "r2": 0.0002552165542883955,
        "n": 1899
      }
    },
    "class": "elo_correlated"
  },
  "F7": {
    "avg_r2": 0.655881216487022,
    "outcomes": {
      "home": {
        "alpha": -1.8203895769274974e-05,
        "beta": 0.00011268544500390727,
        "r2": 0.983821824730533,
        "n": 1899
      },
      "draw": {
        "alpha": 0.0,
        "beta": 0.0,
        "r2": 0.0,
        "n": 1899
      },
      "away": {
        "alpha": 1.8203895769274974e-05,
        "beta": -0.00011268544500390727,
        "r2": 0.983821824730533,
        "n": 1899
      }
    },
    "class": "elo_derived"
  },
  "F8": {
    "avg_r2": 0.6576535696463374,
    "outcomes": {
      "home": {
        "alpha": 7.904271903329825e-06,
        "beta": 0.00014946967319989885,
        "r2": 0.986480354469506,
        "n": 1899
      },
      "draw": {
        "alpha": 0.0,
        "beta": 0.0,
        "r2": 0.0,
        "n": 1899
      },
      "away": {
        "alpha": -7.904271903329825e-06,
        "beta": -0.00014946967319989885,
        "r2": 0.986480354469506,
        "n": 1899
      }
    },
    "class": "elo_derived"
  },
  "F19": {
    "avg_r2": 5.272825365139807e-05,
    "outcomes": {
      "home": {
        "alpha": -0.00010870601149394917,
        "beta": -7.940772741748106e-07,
        "r2": 7.90923804770971e-05,
        "n": 1899
      },
      "draw": {
        "alpha": 0.0,
        "beta": 0.0,
        "r2": 0.0,
        "n": 1899
      },
      "away": {
        "alpha": 0.00010870601149394917,
        "beta": 7.940772741748106e-07,
        "r2": 7.90923804770971e-05,
        "n": 1899
      }
    },
    "class": "elo_derived"
  },
  "F27": {
    "avg_r2": 0.0,
    "outcomes": {
      "home": {
        "alpha": 0.0,
        "beta": 0.0,
        "r2": 0.0,
        "n": 1899
      },
      "draw": {
        "alpha": 0.0,
        "beta": 0.0,
        "r2": 0.0,
        "n": 1899
      },
      "away": {
        "alpha": 0.0,
        "beta": 0.0,
        "r2": 0.0,
        "n": 1899
      }
    },
    "class": "elo_derived"
  },
  "F29": {
    "avg_r2": 0.00010539329090949086,
    "outcomes": {
      "home": {
        "alpha": -0.00025807437273637666,
        "beta": 1.4320348239332848e-06,
        "r2": 0.0001580899363642363,
        "n": 1899
      },
      "draw": {
        "alpha": 0.0,
        "beta": 0.0,
        "r2": 0.0,
        "n": 1899
      },
      "away": {
        "alpha": -0.00025807437273637666,
        "beta": 1.4320348239332848e-06,
        "r2": 0.0001580899363642363,
        "n": 1899
      }
    },
    "class": "elo_derived"
  },
  "F33": {
    "avg_r2": 3.779082702089672e-05,
    "outcomes": {
      "home": {
        "alpha": 0.0025750308004118213,
        "beta": -2.3231339892254626e-05,
        "r2": 0.00011337248106269016,
        "n": 1899
      },
      "draw": {
        "alpha": 0.0,
        "beta": 0.0,
        "r2": 0.0,
        "n": 1899
      },
      "away": {
        "alpha": 0.0,
        "beta": 0.0,
        "r2": 0.0,
        "n": 1899
      }
    },
    "class": "elo_derived"
  },
  "F37": {
    "avg_r2": 0.0008640205793392086,
    "outcomes": {
      "home": {
        "alpha": -4.433266096012797e-05,
        "beta": -5.847833450879811e-07,
        "r2": 0.0008640205793392086,
        "n": 1899
      },
      "draw": {
        "alpha": 4.433266096012797e-05,
        "beta": 5.847833450879811e-07,
        "r2": 0.0008640205793392086,
        "n": 1899
      },
      "away": {
        "alpha": 4.433266096012797e-05,
        "beta": 5.847833450879811e-07,
        "r2": 0.0008640205793392086,
        "n": 1899
      }
    },
    "class": "elo_derived"
  },
  "F38": {
    "avg_r2": 0.0004961047052439346,
    "outcomes": {
      "home": {
        "alpha": -0.00012117789835400318,
        "beta": -2.362458287197306e-06,
        "r2": 0.0007441570578659018,
        "n": 1899
      },
      "draw": {
        "alpha": 0.0,
        "beta": 0.0,
        "r2": 0.0,
        "n": 1899
      },
      "away": {
        "alpha": 0.00012117789835400318,
        "beta": 2.362458287197306e-06,
        "r2": 0.0007441570578659018,
        "n": 1899
      }
    },
    "class": "elo_correlated"
  },
  "F39": {
    "avg_r2": 4.553718544471804e-05,
    "outcomes": {
      "home": {
        "alpha": 0.00043968499658368426,
        "beta": 2.1907508516961776e-06,
        "r2": 6.830577816707706e-05,
        "n": 1899
      },
      "draw": {
        "alpha": 0.0,
        "beta": 0.0,
        "r2": 0.0,
        "n": 1899
      },
      "away": {
        "alpha": -0.00043968499658368426,
        "beta": -2.1907508516961776e-06,
        "r2": 6.830577816707706e-05,
        "n": 1899
      }
    },
    "class": "elo_derived"
  },
  "F40": {
    "avg_r2": 0.001980520345524761,
    "outcomes": {
      "home": {
        "alpha": 7.966449212485111e-06,
        "beta": 4.249115656198492e-06,
        "r2": 0.0029707805182871416,
        "n": 1899
      },
      "draw": {
        "alpha": 0.0,
        "beta": 0.0,
        "r2": 0.0,
        "n": 1899
      },
      "away": {
        "alpha": -7.966449212485111e-06,
        "beta": -4.249115656198492e-06,
        "r2": 0.0029707805182871416,
        "n": 1899
      }
    },
    "class": "elo_derived"
  }
}