{
  "F1": {
    "avg_r2": 0.6666666666666666,
    "outcomes": {
      "home": {
        "alpha": -2.168404344971009e-19,
        "beta": 0.00125,
        "r2": 1.0,
        "n": 1900
      },
      "draw": {
        "alpha": 0.0,
        "beta": 0.0,
        "r2": 0.0,
        "n": 1900
      },
      "away": {
        "alpha": 2.168404344971009e-19,
        "beta": -0.00125,
        "r2": 1.0,
        "n": 1900
      }
    },
    "class": "elo_direct"
  },
  "F3": {
    "avg_r2": 0.002330177966540633,
    "outcomes": {
      "home": {
        "alpha": -0.014197492913223728,
        "beta": 5.60537114093715e-05,
        "r2": 0.003495266949810949,
        "n": 1900
      },
      "draw": {
        "alpha": 0.0,
        "beta": 0.0,
        "r2": 0.0,
        "n": 1900
      },
      "away": {
        "alpha": 0.014197492913223728,
        "beta": -5.60537114093715e-05,
        "r2": 0.003495266949810949,
        "n": 1900
      }
    },
    "class": "elo_correlated"
  },
  "F5": {
    "avg_r2": 5.489432560586612e-05,
    "outcomes": {
      "home": {
        "alpha": 0.004622334654318708,
        "beta": 9.261487728195759e-07,
        "r2": 8.234148840879918e-05,
        "n": 1900
      },
      "draw": {
        "alpha": 0.0,
        "beta": 0.0,
        "r2": 0.0,
        "n": 1900
      },
      "away": {
        "alpha": -0.004622334654318708,
        "beta": -9.261487728195759e-07,
        "r2": 8.234148840879918e-05,
        "n": 1900
      }
    },
    "class": "elo_correlated"
  },
  "F7": {
    "avg_r2": 0.6587335536916964,
    "outcomes": {
      "home": {
        "alpha": -1.1752693341033043e-05,
        "beta": 0.00011366488937146749,
        "r2": 0.9881003305375445,
        "n": 1900
      },
      "draw": {
        "alpha": 0.0,
        "beta": 0.0,
        "r2": 0.0,
        "n": 1900
      },
      "away": {
        "alpha": 1.1752693341033043e-05,
        "beta": -0.00011366488937146749,
        "r2": 0.9881003305375445,
        "n": 1900
      }
    },
    "class": "elo_derived"
  },
  "F8": {
    "avg_r2": 0.6575638043282361,
    "outcomes": {
      "home": {
        "alpha": 3.8755643120120544e-05,
        "beta": 0.00016538649994051762,
        "r2": 0.9863457064923542,
        "n": 1900
      },
      "draw": {
        "alpha": 0.0,
        "beta": 0.0,
        "r2": 0.0,
        "n": 1900
      },
      "away": {
        "alpha": -3.8755643120120544e-05,
        "beta": -0.00016538649994051762,
        "r2": 0.9863457064923542,
        "n": 1900
      }
    },
    "class": "elo_derived"
  },
  "F19": {
    "avg_r2": 3.993043395045248e-06,
    "outcomes": {
      "home": {
        "alpha": -0.00011834757590987929,
        "beta": 2.0596960860801432e-07,
        "r2": 5.989565092567872e-06,
        "n": 1900
      },
      "draw": {
        "alpha": 0.0,
        "beta": 0.0,
        "r2": 0.0,
        "n": 1900
      },
      "away": {
        "alpha": 0.00011834757590987929,
        "beta": -2.0596960860801432e-07,
        "r2": 5.989565092567872e-06,
        "n": 1900
      }
    },
    "class": "elo_derived"
  },
  "F27": {
    "avg_r2": 0.0,
    "outcomes": {
      "home": {
        "alpha": 0.0,
        "beta": 0.0,
        "r2": 0.0,
        "n": 1900
      },
      "draw": {
        "alpha": 0.0,
        "beta": 0.0,
        "r2": 0.0,
        "n": 1900
      },
      "away": {
        "alpha": 0.0,
        "beta": 0.0,
        "r2": 0.0,
        "n": 1900
      }
    },
    "class": "elo_derived"
  },
  "F29": {
    "avg_r2": 0.0009502146668110741,
    "outcomes": {
      "home": {
        "alpha": -0.00031807893083062586,
        "beta": -4.644018305693602e-06,
        "r2": 0.0014253220002166112,
        "n": 1900
      },
      "draw": {
        "alpha": 0.0,
        "beta": 0.0,
        "r2": 0.0,
        "n": 1900
      },
      "away": {
        "alpha": -0.00031807893083062586,
        "beta": -4.644018305693602e-06,
        "r2": 0.0014253220002166112,
        "n": 1900
      }
    },
    "class": "elo_derived"
  },
  "F33": {
    "avg_r2": 0.00013219878263259766,
    "outcomes": {
      "home": {
        "alpha": 0.0027787914074660952,
        "beta": 4.095475921290446e-05,
        "r2": 0.00039659634789779297,
        "n": 1900
      },
      "draw": {
        "alpha": 0.0,
        "beta": 0.0,
        "r2": 0.0,
        "n": 1900
      },
      "away": {
        "alpha": 0.0,
        "beta": 0.0,
        "r2": 0.0,
        "n": 1900
      }
    },
    "class": "elo_derived"
  },
  "F37": {
    "avg_r2": 9.847094232184883e-05,
    "outcomes": {
      "home": {
        "alpha": -4.4152678084257174e-05,
        "beta": -1.705723691647931e-07,
        "r2": 9.847094232184883e-05,
        "n": 1900
      },
      "draw": {
        "alpha": 4.4152678084257174e-05,
        "beta": 1.705723691647931e-07,
        "r2": 9.847094232184883e-05,
        "n": 1900
      },
      "away": {
        "alpha": 4.4152678084257174e-05,
        "beta": 1.705723691647931e-07,
        "r2": 9.847094232184883e-05,
        "n": 1900
      }
    },
    "class": "elo_derived"
  },
  "F38": {
    "avg_r2": 1.8263749452647932e-05,
    "outcomes": {
      "home": {
        "alpha": -0.00013460444799108236,
        "beta": 4.3516199101640995e-07,
        "r2": 2.73956241789719e-05,
        "n": 1900
      },
      "draw": {
        "alpha": 0.0,
        "beta": 0.0,
        "r2": 0.0,
        "n": 1900
      },
      "away": {
        "alpha": 0.00013460444799108236,
        "beta": -4.3516199101640995e-07,
        "r2": 2.73956241789719e-05,
        "n": 1900
      }
    },
    "class": "elo_correlated"
  },
  "F39": {
    "avg_r2": 3.6039053505095474e-05,
    "outcomes": {
      "home": {
        "alpha": 0.000494143916808394,
        "beta": 1.838069174039934e-06,
        "r2": 5.405858025764321e-05,
        "n": 1900
      },
      "draw": {
        "alpha": 0.0,
        "beta": 0.0,
        "r2": 0.0,
        "n": 1900
      },
      "away": {
        "alpha": -0.000494143916808394,
        "beta": -1.838069174039934e-06,
        "r2": 5.405858025764321e-05,
        "n": 1900
      }
    },
    "class": "elo_derived"
  },
  "F40": {
    "avg_r2": 0.0003977682621439567,
    "outcomes": {
      "home": {
        "alpha": 1.183640224642746e-05,
        "beta": -2.0566794448588432e-06,
        "r2": 0.0005966523932159351,
        "n": 1900
      },
      "draw": {
        "alpha": 0.0,
        "beta": 0.0,
        "r2": 0.0,
        "n": 1900
      },
      "away": {
        "alpha": -1.183640224642746e-05,
        "beta": 2.0566794448588432e-06,
        "r2": 0.0005966523932159351,
        "n": 1900
      }
    },
    "class": "elo_derived"
  }
}