{
  "F1": {
    "avg_r2": 0.6666666666666666,
    "outcomes": {
      "home": {
        "alpha": 2.168404344971009e-19,
        "beta": 0.0012499999999999998,
        "r2": 1.0,
        "n": 1900
      },
      "draw": {
        "alpha": 0.0,
        "beta": 0.0,
        "r2": 0.0,
        "n": 1900
      },
      "away": {
        "alpha": -2.168404344971009e-19,
        "beta": -0.0012499999999999998,
        "r2": 1.0,
        "n": 1900
      }
    },
    "class": "elo_direct"
  },
  "F3": {
    "avg_r2": 0.0003467391913554903,
    "outcomes": {
      "home": {
        "alpha": -0.012472755163794275,
        "beta": -1.925529608107224e-05,
        "r2": 0.0005201087870332355,
        "n": 1900
      },
      "draw": {
        "alpha": 0.0,
        "beta": 0.0,
        "r2": 0.0,
        "n": 1900
      },
      "away": {
        "alpha": 0.012472755163794275,
        "beta": 1.925529608107224e-05,
        "r2": 0.0005201087870332355,
        "n": 1900
      }
    },
    "class": "elo_correlated"
  },
  "F5": {
    "avg_r2": 7.649786050449119e-05,
    "outcomes": {
      "home": {
        "alpha": 0.005008942021584225,
        "beta": -1.1720629617307558e-06,
        "r2": 0.00011474679075673677,
        "n": 1900
      },
      "draw": {
        "alpha": 0.0,
        "beta": 0.0,
        "r2": 0.0,
        "n": 1900
      },
      "away": {
        "alpha": -0.005008942021584225,
        "beta": 1.1720629617307558e-06,
        "r2": 0.00011474679075673677,
        "n": 1900
      }
    },
    "class": "elo_correlated"
  },
  "F7": {
    "avg_r2": 0.6592841715989829,
    "outcomes": {
      "home": {
        "alpha": 6.930223885074667e-05,
        "beta": 0.00012502389463883595,
        "r2": 0.9889262573984743,
        "n": 1900
      },
      "draw": {
        "alpha": 0.0,
        "beta": 0.0,
        "r2": 0.0,
        "n": 1900
      },
      "away": {
        "alpha": -6.930223885074667e-05,
        "beta": -0.00012502389463883595,
        "r2": 0.9889262573984743,
        "n": 1900
      }
    },
    "class": "elo_derived"
  },
  "F8": {
    "avg_r2": 0.658096470867043,
    "outcomes": {
      "home": {
        "alpha": -4.954905697210853e-06,
        "beta": 0.00014928043180105697,
        "r2": 0.9871447063005646,
        "n": 1900
      },
      "draw": {
        "alpha": 0.0,
        "beta": 0.0,
        "r2": 0.0,
        "n": 1900
      },
      "away": {
        "alpha": 4.954905697210853e-06,
        "beta": -0.00014928043180105697,
        "r2": 0.9871447063005646,
        "n": 1900
      }
    },
    "class": "elo_derived"
  },
  "F19": {
    "avg_r2": 0.00012989464565338338,
    "outcomes": {
      "home": {
        "alpha": -0.00011757601696292451,
        "beta": -1.1625025553691585e-06,
        "r2": 0.00019484196848007507,
        "n": 1900
      },
      "draw": {
        "alpha": 0.0,
        "beta": 0.0,
        "r2": 0.0,
        "n": 1900
      },
      "away": {
        "alpha": 0.00011757601696292451,
        "beta": 1.1625025553691585e-06,
        "r2": 0.00019484196848007507,
        "n": 1900
      }
    },
    "class": "elo_derived"
  },
  "F27": {
    "avg_r2": 0.0,
    "outcomes": {
      "home": {
        "alpha": 0.0,
        "beta": 0.0,
        "r2": 0.0,
        "n": 1900
      },
      "draw": {
        "alpha": 0.0,
        "beta": 0.0,
        "r2": 0.0,
        "n": 1900
      },
      "away": {
        "alpha": 0.0,
        "beta": 0.0,
        "r2": 0.0,
        "n": 1900
      }
    },
    "class": "elo_derived"
  },
  "F29": {
    "avg_r2": 0.00013929516192338434,
    "outcomes": {
      "home": {
        "alpha": -0.00025816297714465896,
        "beta": 1.407629060100919e-06,
        "r2": 0.00020894274288507653,
        "n": 1900
      },
      "draw": {
        "alpha": 0.0,
        "beta": 0.0,
        "r2": 0.0,
        "n": 1900
      },
      "away": {
        "alpha": -0.00025816297714465896,
        "beta": 1.407629060100919e-06,
        "r2": 0.00020894274288507653,
        "n": 1900
      }
    },
    "class": "elo_derived"
  },
  "F33": {
    "avg_r2": 0.00015431581797320515,
    "outcomes": {
      "home": {
        "alpha": 0.0033067330092808912,
        "beta": -5.1084579623114487e-05,
        "r2": 0.00046294745391961545,
        "n": 1900
      },
      "draw": {
        "alpha": 0.0,
        "beta": 0.0,
        "r2": 0.0,
        "n": 1900
      },
      "away": {
        "alpha": 0.0,
        "beta": 0.0,
        "r2": 0.0,
        "n": 1900
      }
    },
    "class": "elo_derived"
  },
  "F37": {
    "avg_r2": 3.66591902963842e-05,
    "outcomes": {
      "home": {
        "alpha": -4.4234994093539396e-05,
        "beta": -1.029895668337369e-07,
        "r2": 3.66591902963842e-05,
        "n": 1900
      },
      "draw": {
        "alpha": 4.4234994093539396e-05,
        "beta": 1.029895668337369e-07,
        "r2": 3.66591902963842e-05,
        "n": 1900
      },
      "away": {
        "alpha": 4.4234994093539396e-05,
        "beta": 1.029895668337369e-07,
        "r2": 3.66591902963842e-05,
        "n": 1900
      }
    },
    "class": "elo_derived"
  },
  "F38": {
    "avg_r2": 0.002058226051289284,
    "outcomes": {
      "home": {
        "alpha": -0.00013186944997703817,
        "beta": -4.571404830770345e-06,
        "r2": 0.003087339076933926,
        "n": 1900
      },
      "draw": {
        "alpha": 0.0,
        "beta": 0.0,
        "r2": 0.0,
        "n": 1900
      },
      "away": {
        "alpha": 0.00013186944997703817,
        "beta": 4.571404830770345e-06,
        "r2": 0.003087339076933926,
        "n": 1900
      }
    },
    "class": "elo_correlated"
  },
  "F39": {
    "avg_r2": 4.126910945660237e-05,
    "outcomes": {
      "home": {
        "alpha": 0.000535810127992141,
        "beta": 2.1086134918667137e-06,
        "r2": 6.190366418490356e-05,
        "n": 1900
      },
      "draw": {
        "alpha": 0.0,
        "beta": 0.0,
        "r2": 0.0,
        "n": 1900
      },
      "away": {
        "alpha": -0.000535810127992141,
        "beta": -2.1086134918667137e-06,
        "r2": 6.190366418490356e-05,
        "n": 1900
      }
    },
    "class": "elo_derived"
  },
  "F40": {
    "avg_r2": 3.186474151029017e-05,
    "outcomes": {
      "home": {
        "alpha": 8.904935916747138e-06,
        "beta": 5.184375095508853e-07,
        "r2": 4.779711226543526e-05,
        "n": 1900
      },
      "draw": {
        "alpha": 0.0,
        "beta": 0.0,
        "r2": 0.0,
        "n": 1900
      },
      "away": {
        "alpha": -8.904935916747138e-06,
        "beta": -5.184375095508853e-07,
        "r2": 4.779711226543526e-05,
        "n": 1900
      }
    },
    "class": "elo_derived"
  }
}